Recherche par filtre (famille/fournisseurs),Unnamed: 1,Unnamed: 2,Unnamed: 3,RECHERCHE PAR MOT CLÉ:,Unnamed: 5,Résultats de votre recherche:,Unnamed: 7,Unnamed: 8,Unnamed: 9,Unnamed: 10,Unnamed: 11,Unnamed: 12,Unnamed: 13
,,,                                                    supprimer les filtres activés avant la recherche par mot clé,,,,,,,,,,
,,,                      mot clé en cliquant sur le symbole   ,,,,,,,,,,
,,,,,,,,,,,,,
,,,,Saisissez votre mot clé et cliquez sur la ligne de résultat désirée pour l'affichée dans la saisie.,,,,,,,,,
,,,,,,,,,,,,,
,,,,,,,,,,,,,
,,,,,,,,,,,,,
,,,,,,,,,,,,,
,,,,,,,,,,,,,
,,,,TOTAL INVENTAIRE SOLIDE:,,,,,,,,,
,,,,10029.630626,,,,,,,,,
,,,,,,,,,,,,,
,,,,,,,,,,,,,
Fournisseurs,Code article,Famille,,*FACTUR*,QUANTITE,Prix*,VALORISATION,,,,,,
Fournisseurs,Code article,Famille,Libelle article - conditionnement,UNITE D'INVENTAIRE,QUANTITE,TARIF HT,VALORISATION,,,,,,
Caviar frais,121035,FRAIS,Morceaux de muscles à hacher vbf       frais,KG,80.837,11.2,905.3744,,,,,,
Caviar frais,131020,FRAIS,Pave rtk 170 grs       frais,KG,7.689,18.4,141.4776,,,,,,
Caviar frais,131041,FRAIS,Bavette aloyau 170 grs       frais,KG,4.592,16,73.472,,,,,,
Caviar frais,131044,FRAIS,Araignee pac       frais,KG,5.83,18.5,107.855,,,,,,
Caviar frais,131047,FRAIS,Onglet 200 grs       frais,KG,8.604,19,163.476,,,,,,
Caviar frais,131061,FRAIS,Panache onglet 80 grs       frais,KG,4.332,17.5,75.81,,,,,,
Caviar frais,131062,FRAIS,Panache araignees 80 grs       frais,KG,4.384,17,74.528,,,,,,
Caviar frais,131063,FRAIS,Panache poire 80 grs       frais,KG,4.152,16.7,69.3384,,,,,,
Caviar frais,131071,FRAIS,Entrecotes 300 grs race a viande       frais,KG,0,25.4,0,,,,,,
Caviar frais,131072,FRAIS,Entrecotes 230 grs       frais,KG,11.606,25,290.15,,,,,,
Caviar frais,131073,FRAIS,Surprise du boucher 170 grs       frais,KG,9.557,15.9,151.9563,,,,,,
Caviar frais,131106,FRAIS,Cotes 430 grs        frais,KG,5.32,23,122.36,,,,,,
Caviar frais,151005,FRAIS,Mi cuit de bœuf - tataki       frais,KG,6.078,17.1,103.9338,,,,,,
Caviar frais,151009,FRAIS,Millefeuille 180 grs       frais,KG,3.836,17.1,65.5956,,,,,,
Caviar frais,900003,FRAIS,Fromage frais et poivrons confits (sauce maquignon)       frais,KG,6,7.78,46.68,,,,,,
Caviar frais,900004,FRAIS,GOURDE COMPOTE,KG,6.03,4.68,28.2204,,,,,,
Caviar frais,900048,FRAIS,Embeurrée de pommes de terre       frais,KG,13.5,6.5,87.75,,,,,,
Caviar frais,900051,FRAIS,Bloc de foie gras de canard mi-cuit        frais,KG,3.83,36,137.88,,,,,,
Caviar frais,900058,FRAIS,Prépa pommes       frais,KG,3.5,5.12,17.92,,,,,,
Caviar frais,900070,FRAIS,Sauce béarnaise       frais,KG,14.7,8.3,122.01,,,,,,
Caviar frais,900071,FRAIS,Sauce poivre        frais,KG,15.68,7.7,120.736,,,,,,
Caviar frais,900072,FRAIS,Sauce roquefort       frais,KG,15.68,9.1,142.688,,,,,,
Caviar frais,900075,FRAIS,Préparation basilic       frais,KG,7.74,10.5,81.27,,,,,,
Caviar frais,900078,FRAIS,Sauce caesar       frais,KG,4.5,7.9,35.55,,,,,,
Caviar frais,900091,FRAIS,St marcellin       frais,KG,3.04,9.79,29.7616,,,,,,
Caviar frais,900095,FRAIS,Terrines de foie de volaille 70grs       frais,KG,6.72,11.2,75.264,,,,,,
Caviar frais,900098,FRAIS,Mayonnaise premium        frais,KG,5,5.79,28.95,,,,,,
Caviar frais,900104,FRAIS,Oreillons de pêches       frais,KG,13.5,6.99,94.365,,,,,,²
Caviar frais,900115,FRAIS,Rillettes du mans à l'ancienne       frais,KG,3.96,8.04,31.8384,,,,,,
Caviar frais,900116,FRAIS,Puree de pommes sans sucre ajoutée       frais,KG,,5.31,0,,,,,,
Caviar frais,900117,FRAIS,Crayons aux herbes       frais,KG,3.25,13.99,45.4675,,,,,,
Caviar frais,151012,FRAIS,Eminces de boeuf 180 grs marines (ail des ours ou citron poivre vert)       frais,KG,7.083,9.9,70.1217,,,,,,
Caviar surgele,132007,SURG,Cubes brochettes 40 grs     surgele,KG,6.68,11.7,78.156,,,,,,
Caviar surgele,132009,SURG,Entrecotes enfants * 4      surgele,KG,5.18,7,36.26,,,,,,
Caviar surgele,132077,SURG,Trésor du louchebem (pièce de 350g)     surgele,KG,10.958,19.3,211.4894,,,,,,
Caviar surgele,132078,SURG,Cotes 430 grs     surgele,KG,1.768,18.3,32.3544,,,,,,
Caviar surgele,132085,SURG,Entrecotes 300 grs race a viande     surgele,KG,11.12,22.9,254.648,,,,,,
Caviar surgele,132086,SURG,Entrecotes 230 grs      surgele,KG,6.574,18.9,124.2486,,,,,,
Caviar surgele,802003,SURG,Os a moelle     surgele,KG,20.02,3.8,76.076,,,,,,
Caviar surgele,902006,SURG,Chèvre palets     surgele,KG,7.9,11.29,89.191,,,,,,
Caviar surgele,902152,SURG,Préparation base à tartare     surgele,KG,20,9,180,,,,,,
Caviar surgele,902170,SURG,Fondue d'échalotes     surgele,KG,10.2,10.1,103.02,,,,,,
Caviar surgele,902171,SURG,Choux cuits 11 grs     surgele,KG,2.512,12.5,31.4,,,,,,
Caviar surgele,902173,SURG,Brochette de poulet bacon     surgele,KG,0,12.9,0,,,,,,
Caviar surgele,902177,SURG,Chèvre cube soignon  10*10     surgele,KG,8.25,11.01,90.8325,,,,,,
Caviar surgele,902179,SURG,Galette de soja     surgele,KG,6.35,10.73,68.1355,,,,,,
Caviar surgele,902187,SURG,Escalope de foie gras poêlée     surgele,KG,1.206,47.9,57.7674,,,,,,
Caviar surgele,902188,SURG,Riz blanc cuisiné     surgele,KG,13.2,5.48,72.336,,,,,,
Caviar surgele,902194,SURG,Blinis poivrons piquillos     surgele,KG,1.4,17.2,24.08,,,,,,
Caviar surgele,902195,SURG,Blinis au beurre nature     surgele,KG,1.4,16.1,22.54,,,,,,
Caviar surgele,902207,SURG,Sauce thai     surgele,KG,8,9.5,76,,,,,,
Caviar surgele,902221,SURG,Falafels au quinoa     surgele,KG,1.4,11.88,16.632,,,,,,
Caviar surgele,902234,SURG,Nids oignons     surgele,KG,3.5,8.44,29.54,,,,,,
Caviar surgele,902236,SURG,Demi magret de canard crus     surgele,KG,1.68,16.65,27.972,,,,,,
Caviar surgele,902237,SURG,Léches de porc marinée     surgele,KG,11.649,10.15,118.23735,,,,,,
Caviar surgele,902240,SURG,Tataki de thon     surgele,KG,2.83,17.89,50.6287,,,,,,
Caviar surgele,902276,SURG,Paille dessert à cuire     surgele,KG,2.7,9.5,25.65,,,,,,
Caviar surgele,902277,SURG,Poche crémeux vanille     surgele,KG,3.517,11.19,39.35523,,,,,,
Caviar surgele,902279,SURG,Guacamole epicé     surgele,KG,4.5,9.2,41.4,,,,,,
Caviar surgele,902281,SURG,Crumble aux herbes     surgele,KG,6,12.3,73.8,,,,,,
Caviar surgele,902286,SURG,Houmous citron confits     surgele,KG,3.2,7.6,24.32,,,,,,
Caviar surgele,902287,SURG,Saumon mariné citron poivre     surgele,KG,1.5,28.3,42.45,,,,,,
Caviar surgele,902288,SURG,Aiguillettes de poulet corn flakes     surgele,KG,,8.7,0,,,,,,
Caviar surgele,902302,SURG,Carpaccio de bœuf     surgele,KG,17.5,19.45,340.375,,,,,,
Caviar surgele,902303,SURG,Crumble sucré     surgele,KG,3,10.69,32.07,,,,,,
Caviar surgele,902304,SURG,Caponata de légumes     surgele,KG,0.25,8.45,2.1125,,,,,,
Caviar surgele,902305,SURG,Coulant gourmand chocolat     surgele,KG,2.69,9.69,26.0661,,,,,,
Caviar surgele,902306,SURG,Madeleine salée curry-coco     surgele,KG,2.6,12.2,31.72,,,,,,
Caviar surgele,902307,SURG,Madeleine salée olivade     surgele,KG,2.135,12.2,26.047,,,,,,
Caviar surgele,902308,SURG,Madeleine salée pesto     surgele,KG,1.047,12.2,12.7734,,,,,,
Caviar surgele,902309,SURG,Jambon à griller     surgele,KG,11.611,9.02,104.73122,,,,,,
Caviar surgele,902310,SURG,Tranche de poitrine de porc fumée cuite 20 grs     surgele,KG,4.9,12.7,62.23,,,,,,
Caviar surgele,902311,SURG,Poulet olives-citron vert     surgele,KG,16.74,10.7,179.118,,,,,,
Compagnie des desserts,74748,GLACE,Crème glacée vanille 5l x 1,bac,2,11.77,23.54,,,,,,
Compagnie des desserts,92031,GLACE,"Crème glacée café des indes 2,5l x 1",bac,1.5,11.16,16.74,,,,,,
Compagnie des desserts,92041,GLACE,"Crème glacée chocolat 2,5l x 1",bac,0.5,10.27,5.135,,,,,,
Compagnie des desserts,92051,GLACE,"Crème glacée caramel salé 2,5l x 1",bac,3,11.16,33.48,,,,,,
Compagnie des desserts,92081,GLACE,"Crème glacée pistache 2,5l x 1",bac,2.4,12.04,28.896,,,,,,
Compagnie des desserts,92091,GLACE,"Glace fraise avec morceaux de fraise 2,5l",bac,2,12.81,25.62,,,,,,
Compagnie des desserts,92101,GLACE,"Crème glacée créole rhum raisins 2,5l x 1",bac,2,11.16,22.32,,,,,,
Compagnie des desserts,92488,GLACE,"Crème glacée menthe chocolat 2,5l x 1",bac,1.5,12.06,18.09,,,,,,
Compagnie des desserts,92501,GLACE,"Sorbet citron 2,5l",bac,2,9.38,18.76,,,,,,
Compagnie des desserts,92517,GLACE,"Sorbet mandarine de sicile 2,5l",bac,0.8,11.57,9.256,,,,,,
Compagnie des desserts,92521,GLACE,"Sorbet citron vert 2,5l x 1",bac,,4.824,0,,,,,,
Compagnie des desserts,92525,GLACE,"Crème glacée bulgare groseille 2,5l x 1",bac,2,11.57,23.14,,,,,,
Compagnie des desserts,92551,GLACE,"Sorbet cassis avec baies de cassis 2,5l x 1",bac,0,12.05,0,,,,,,
Compagnie des desserts,92607,GLACE,"Crème glacée barbapapa  2,5l x 1",bac,2,12.05,24.1,,,,,,
Compagnie des desserts,92611,GLACE,"Sorbet noix de coco 2,5l x 1",bac,3,11.16,33.48,,,,,,
Compagnie des desserts,92621,GLACE,"Sorbet framboise 2,5l",bac,2,17.09,34.18,,,,,,
Compagnie des desserts,92661,GLACE,"Sorbet fruits de la passion 2,5l",KG,,4.464,0,,,,,,
Compagnie des desserts,92680,GLACE,"Crème glacée bulgare nature 2,5l x 1",bac,,4.5,0,,,,,,
Compagnie des desserts,92781,GLACE,"Sorbet mangue 2,5l",bac,1.3,12.44,16.172,,,,,,
Compagnie des desserts,92875,GLACE,"Crème glacée yaourt brassé 2,5l x 1",bac,2,14.49,28.98,,,,,,
Compagnie des desserts,93602,GLACE,"Sorbet ananas  2,5l x 1",bac,1.58,12.81,20.2398,,,,,,
Distribouch,N01,SEC,Maxi tagada tubo 210g,Boite,,5.87,0,,,,,,
Distribouch,N02,SEC,Chamallows (rainbollows) 210,Boite,1,5.87,5.87,,,,,,
Distribouch,N04,SEC,Boite de 150 x sucettes ronde 13grs - 6 parfums ( pierrot gourmant ) 150 unités,Boite,,17.24,0,,,,,,
Distribouch,N10,SEC,Gros sel marin de guérande 1kg,KG,4,1.99,7.96,,,,,,
Distribouch,N11a,SEC,Croustillant noisette 750 gr,Boite,1.2,8.21,9.852,,,,,,
Distribouch,N13,SEC,"Galettes logotees "" la boucherie "" 1000 unités",carton,0.2,26.5,5.3,,,,,,
Distribouch,N15a,SEC,Moulin a poivre 5 baies 30g,Unité,,0.98,0,,,,,,
Distribouch,N16a,SEC,Moulin au sel de mer 90g,Unité,,0.9,0,,,,,,
Distribouch,N19b,SEC,Pop-corn au caramel toffee sachet 25g,Sachet,40,0.38,15.2,,,,,,
Distribouch,Ns04a,SEC,Vinaigrette classique 900ml,bouteille,,6.95,0,,,,,,
Distribouch,Ns07,SEC,Carton de 500 x sticks ketchup,carton,1.5,19.38,29.07,,,,,,
Distribouch,Ns08,SEC,Carton de 500 x sticks moutarde,carton,1.5,21.86,32.79,,,,,,
Distribouch,Ns10,SEC,Sticks moutarde forte x 500,KG,,5.52666666666667,0,,,,,,
Distribouch,Ns12,SEC,Creme de vinaigre a la truffe,bouteille,2,8.89,17.78,,,,,,
Distribouch,Ns13,SEC,CRISPEARLS,SAChet,1.5,11.4,17.1,,,,,,
Distribouch,Ns15a,SEC,Vinaigrette balsamique 900g,bouteille,9.5,7.5,71.25,,,,,,
Distribouch,Ns16,SEC,Carton de 500 x sticks mayonnaise,carton,1,27.78,27.78,,,,,,
Distribouch,Ns17,SEC,Sauce burger classique,bouteille,22,4.675,102.85,,,,,,
Episaveurs,983,SEC,Poire wil demi frt sir lgr bte4/4   valtonia,Boite,12,1.965,23.58,,,,,,
Episaveurs,1673,SEC,Raisin sultanine sac 1kg   la pulpe,KG,,2.577,0,,,,,,
Episaveurs,1995,SEC,Poivre blc moulu sac 1kg   la case aux epices,KG,,10.867,0,,,,,,
Episaveurs,2641,SEC,Huile tourn-oliv meravella btl1l   borges,bouteille,3,5.13,15.39,,,,,,
Episaveurs,2814,SEC,Lait coco bte 1/2   makli,Boite,,1.154,0,,,,,,
Episaveurs,3154,SEC,Fd brun veau lie prem pate bte600g   chef,Boite,1.2,15.194,18.2328,,,,,,
Episaveurs,4280,SEC,Nx coco rapee sac 1kg   maitre prunille,KG,,4.856,0,,,,,,
Episaveurs,4405,SEC,Thon lista mcx prec nat pch650g   la pulpe,KG,,6.04615384615385,0,,,,,,
Episaveurs,5062,SEC,Noisette decort ent sac 1kg   domino,KG,2,9.738,19.476,,,,,,
Episaveurs,5087,SEC,Confit cnd 12 cuisse bte 5/1   mets des rois,Boite,,28.76,0,,,,,,
Episaveurs,5287,SEC,"Jus veau lie bte 1,2kg   chef",Boite,,16.693,0,,,,,,
Episaveurs,6767,SEC,Olive verte dn 34-40 bte 5/1   valtonia,Boite,,6.069,0,,,,,,
Episaveurs,6855,SEC,Olive verte dn 30-33 bte 4/4   valtonia,Boite,0.36,1.589,0.57204,,,,,,
Episaveurs,6858,SEC,Olive nre dn 30-33 bte 4/4   valtonia,Boite,1,1.515,1.515,,,,,,
Episaveurs,6868,SEC,Olive nre dn 34-40 bte 5/1   valtonia,Boite,0.36,5.566,2.00376,,,,,,
Episaveurs,8346,SEC,Vinaigre crm balsa moden btl400ml   borges,bouteille,,5.683,0,,,,,,
Episaveurs,11576,SEC,Linguine qs sac 3kg   grand chef,KG,,1.3022,0,,,,,,
Episaveurs,15383,SEC,Cacao pdre plein arome sac 1kg   cacao barry,KG,2.8,8.24,23.072,,,,,,
Episaveurs,16625,SEC,Amande ent decort sac 1kg   la pulpe,KG,0.713,8.977,6.400601,,,,,,
Episaveurs,19611,SEC,Sce vinaigr sesame soja btl 1l   maille,bouteille,2.5,7.126,17.815,,,,,,
Episaveurs,20122,SEC,Sce vinaigr agrume btl 1l   maille,bouteille,2.5,7.126,17.815,,,,,,
Episaveurs,20123,SEC,Sce vinaigr basilic btl 1l   maille,bouteille,1,6.953,6.953,,,,,,
Episaveurs,20542,SEC,Cornichon 120-149 bte 5/1   valtonia,Boite,0,6.578,0,,,,,,
Episaveurs,22625,SEC,Jus citron abc pet 100clx10    citrona,bouteille,1,1.529,1.529,,,,,,
Episaveurs,24030,SEC,Moutarde forte dijon sea 5kg   valtonia,KG,5,1.5114,7.557,,,,,,
Episaveurs,24280,SEC,Oignon frit sac 1kg   ducros,KG,,6.672,0,,,,,,
Episaveurs,25095,SEC,Mais dx grain s/v bte 4/4   pomona episaveurs,Boite,,1.198,0,,,,,,
Episaveurs,25254,SEC,Sel mer fin sac 1kg   la tablee,KG,9,0.354,3.186,,,,,,
Episaveurs,25487,SEC,"Bouil pot au feu gran bte 1,1kg   knorr",Boite,0.5,11.047,5.5235,,,,,,
Episaveurs,26013,SEC,Bisc sale assor tradition bte720g   belin,Boite,,6.429,0,,,,,,
Episaveurs,26218,SEC,Huile oliv vierg ext btl pet 1l   borges,bouteille,,4.99,0,,,,,,
Episaveurs,40840,SEC,Peche oreillon sir lgr bte 4/4   valtonia,Boite,,1.905,0,,,,,,
Episaveurs,40920,SEC,Tomate dble conc 28% bte 4/4   valtonia,Boite,1,1.779,1.779,,,,,,
Episaveurs,42071,SEC,"Bisc aper mini bretzel sac 2,5kg    boehli",KG,,3.6488,0,,,,,,
Episaveurs,42475,SEC,Huile olive prodigieuse btl50cl   borges,bouteille,,3.83,0,,,,,,
Episaveurs,42848,SEC,Roux blc bte 1kg   chef,Boite,,6.825,0,,,,,,
Episaveurs,42923,SEC,Fumet poisson bte 900g   chef,Boite,0.9,16.153,14.5377,,,,,,
Episaveurs,43027,SEC,Fd blc veau lie bte 800g/40l   chef,Boite,0.8,14.308,11.4464,,,,,,
Episaveurs,43046,SEC,Sce piment rge flc vr 60ml   tabasco,flacon,2,2.885,5.77,,,,,,
Episaveurs,43063,SEC,Mep basilic pot 340g   knorr,KG,,29.1088235294118,0,,,,,,
Episaveurs,43144,SEC,"Poivre gris moulu col (0,14gx2000)    gyma",Colis,,6.778,0,,,,,,
Episaveurs,43211,SEC,"Vinaigre alcool blc 8° btl1,5l   desbois",bouteille,15,0.668,10.02,,,,,,
Episaveurs,43222,SEC,"Vinaigre vin rge 6° btl1,5l   desbois",bouteille,1.5,0.997,1.4955,,,,,,
Episaveurs,43336,SEC,Huile tournesol btl 1lx15    maurel,bouteille,,4.43,0,,,,,,
Episaveurs,43452,SEC,Fleur de mais bte 700g   maizena,KG,,5.71285714285714,0,,,,,,
Episaveurs,44122,SEC,Curry fort flapper 430g   la case aux epices,Boite,,3.327,0,,,,,,
Episaveurs,44480,SEC,Mel 4 epice flapper 320g   la case aux epices,Boite,,4.602,0,,,,,,
Episaveurs,44599,SEC,Huile arachide btl 1l   maurel,bouteille,,3.27,0,,,,,,
Episaveurs,44859,SEC,"Riz 3 selection sac 2,5kg   panzani plus",KG,16,3.8436,61.4976,,,,,,
Episaveurs,45031,SEC,"Sel fin col (0,8gx2000)    la case aux epices",Colis,,2.833,0,,,,,,
Episaveurs,45728,SEC,Coquillette qs sac 5kg    pomona episaveurs,KG,,1.7234,0,,,,,,
Episaveurs,45729,SEC,Spaghetti qs sac 5kg    pomona episaveurs,KG,1,1.7114,1.7114,,,,,,
Episaveurs,46289,SEC,Penne rigate qs sac 5kg    pomona episaveurs,KG,,1.7234,0,,,,,,
Episaveurs,51173,SEC,Arome vani artificiel flc 1lx   ste lucie,flacon,1,5.8,5.8,,,,,,
Episaveurs,52705,SEC,Sucre pdre sac 1kg   gusto debrio,KG,10,0.886,8.86,,,,,,
Episaveurs,59163,SEC,Couscous moyen sac 5kg   pomona episaveurs,KG,,1.4346,0,,,,,,
Episaveurs,62423,SEC,Cacahuet gril sal snack sac1kg   kreeks,KG,,3.568,0,,,,,,
Episaveurs,66320,SEC,Sel celeri lot (95gx3)   ducros,KG,0.285,18.1087719298246,5.16100000000001,,,,,,
Episaveurs,66616,SEC,Prep boiss choc pdre 32% 1kg   gusto debrio,KG,,3.256,0,,,,,,
Episaveurs,87231,SEC,Pois chiche bte 4/4   pomona episaveurs,Boite,,1.258,0,,,,,,
Episaveurs,87715,SEC,Sce angl worcestershire flc150ml   heinz,flacon,3,1.415,4.245,,,,,,
Episaveurs,89189,SEC,Nx cern arle inv s/az sac1kg   sovecope,KG,,8.861,0,,,,,,
Episaveurs,91323,SEC,Sucre mcx n°4 bte 1kg   gusto debrio,KG,,1.02,0,,,,,,
Episaveurs,93027,SEC,Poivre gris moulu sac 1kg   caravelle,KG,0.956,6.839,6.538084,,,,,,
Episaveurs,93039,SEC,Poivre nr grain sac 1kg   caravelle,KG,1.5,5.465,8.1975,,,,,,
Episaveurs,93616,SEC,Huile tournesol bid 5lx3    maurel,Litres,,4.39,0,,,,,,
Episaveurs,95351,SEC,Moutarde ancienne sea 1kg   pomona episaveurs,KG,,2.078,0,,,,,,
Episaveurs,97319,SEC,Pate tartiner nois pot 3kg   nutella,POT,2.5,20.629,51.5725,,,,,,
Episaveurs,98768,SEC,Capron vinaigre bte 4/4   vitalys,Boite,3,3.417,10.251,,,,,,
Episaveurs,98900,SEC,Capron vinaigre vin bcl 1600g   demetra,Bocale,,16.209,0,,,,,,
Episaveurs,99096,SEC,Sce dessert frt rge btl 1kg   exquizito,bouteille,,4.928,0,,,,,,
Episaveurs,99097,SEC,Sce dess caram beur-s btl 1kg   borges,bouteille,2.5,4.414,11.035,,,,,,
Episaveurs,99099,SEC,Sce dessert moka btl 1kg   exquizito,bouteille,1,4.524,4.524,,,,,,
Episaveurs,99130,SEC,Sce dessert caramel btl 1kg   exquizito,bouteille,2,4.2,8.4,,,,,,
Episaveurs,100180,SEC,Miel fleur liq pot plst 1kg   pomona episaveurs,POT,1.5,4.59,6.885,,,,,,
Episaveurs,133072,SEC,Farine ble t55 sac 1kg   blanche colombe,KG,12,0.495,5.94,,,,,,
Episaveurs,133930,SEC,Paprika demi dx tubo 450g   caravelle,Boite,,2.978,0,,,,,,
Episaveurs,137376,SEC,Choc nr 50%force nre pist sac5kg   cacao barry,KG,7.5,6.26,46.95,,,,,,
Episaveurs,153378,SEC,Chapelure brune sac 1kg   vivien paille,KG,,1.371,0,,,,,,
Episaveurs,154528,SEC,Amande effilee sac 1kgx10   sans marque,KG,1.274,7.655,9.75247,,,,,,
Episaveurs,155509,SEC,"Huile performance rest bid7,5l    amphora",Litres,,2.53,0,,,,,,
Episaveurs,156258,SEC,Gesier cnd emince confit bte 4/4   mets des rois,Boite,,7.13,0,,,,,,
Episaveurs,160541,SEC,Herbe grillade prov sac 1kg   caravelle,KG,,4.258,0,,,,,,
Episaveurs,160618,SEC,Sesame graine sac 1kg   caravelle,KG,2.6,4.773,12.4098,,,,,,
Episaveurs,163158,SEC,Sirop sucre canne btl 1lx6    gusto debrio,bouteille,1,2.176,2.176,,,,,,
Episaveurs,164165,SEC,Pain bruschetta paq 400g   harry's,Colis,,15.9,0,,,,,,
Episaveurs,169371,SEC,"Riz lg etuv spe risotto sac2,5kg    vivien paille",KG,,1.1808,0,,,,,,
Episaveurs,173471,SEC,"Huile friture excellence bid7,5l   borges",Litres,215,5.419,1165.085,,,,,,
Episaveurs,176355,SEC,Huile oliv vierg ext btl pet 5l   borges,Litres,,4.986,0,,,,,,
Episaveurs,184001,SEC,Sce dessert chocolat btl 1kg   borges,bouteille,,4.742,0,,,,,,
Episaveurs,187729,SEC,"Fd brun lie bte 1,2kg   chef",Boite,,16.148,0,,,,,,
Episaveurs,188841,SEC,Ketchup ,bidon 5kg,1.5,5.01,7.515,,,,,,
Episaveurs,189415,SEC,Pain mie lc 10x10 paq 500g   jacquet,KG,16,1.932,30.912,,,,,,
Episaveurs,202892,SEC,Sarrasin grille kasha sac 1kg   sabarot,KG,1.35,2.498,3.3723,,,,,,
Episaveurs,207883,SEC,"Brisure speculoos sac 1,1kg   biscuiterie brichard",KG,4,4.143,16.572,,,,,,
Episaveurs,211731,SEC,Riz lg basmati sac 5kg    victoria,KG,5,1.8544,9.272,,,,,,
Episaveurs,217298,SEC,Pate tartiner nois pot 750g   nutella,POT,,5.074,0,,,,,,
Episaveurs,220898,SEC,Sucre canne pdre bte 1kg   blonvilliers,KG,4,1.999,7.996,,,,,,
Episaveurs,220982,SEC,Sucre glace sac 1kg   commerciale tereos,KG,6.716,1.637,10.994092,,,,,,
Episaveurs,221210,SEC,Sce vinaigr tomate frse btl 1l   maille,bouteille,1.5,8.438,12.657,,,,,,
Episaveurs,221212,SEC,Sce vinaigr agrum gingem btl 1l   maille,bouteille,,8.438,0,,,,,,
Episaveurs,244443,SEC,Tomate pulpe jus cube bte 5/1   valtonia,Boite,,3.034,0,,,,,,
Episaveurs,244573,SEC,Tomate pulpe jus cube bte4/4   valtonia,Boite,,0.79,0,,,,,,
Episaveurs,246713,SEC,Meringue mcx bte 350gx4 mona lisa   mona lisa,bouteille,,4.729,0,,,,,,
Episaveurs,266050,SEC,Bouil leg essentiel bte1kg/50l   ,Boite,,7.69,0,,,,,,
Episaveurs,,SEC,sauce salade,bidon 5kg,4,5.99,23.96,,,,,,
Episaveurs,,SEC,Sce dessert manqgue abricot,bouteille,4.5,7.9,35.55,,,,,,
Episaveurs,,SEC,Sce essert fruit rouge,bouteille,1,4.928,4.928,,,,,,
Sysco - frais,11530,SEC,Feuille de brick st10pc x100,sachet,2,0.813,1.626,,,,,,
Sysco - frais,11681,FRAIS,Andouillette troyes 145g bke st7pc x6,KG,0,7.561,0,,,,,,
Sysco - frais,14541,SEC,Chutney de figue mdg 650g ct 6 bt,bouteille,2.5,4.373,10.9325,,,,,,
Sysco - frais,40052,FRAIS,Creme sucree vanil.32%mg 2l x6,Litres,4,4.393,17.572,,,,,,
Sysco - frais,40299,FRAIS,Lardon fume 8/8 s/at bq1kg x8,KG,,4.98,0,,,,,,
Sysco - frais,40490,FRAIS,Tr.jambon serrano a/interc.stg bq500g,KG,,12.516,0,,,,,,
Sysco - frais,40934,SURG,Nx joue porc confite s/v st1.5kg x2,KG,,9.231,0,,,,,,
Sysco - frais,41002,SURG,Supreme poulet s/v 160/220g st4pc,KG,,6.538,0,,,,,,
Sysco - frais,41049,FRAIS,Tr.flt bacon fume x24 bq250 g x6,KG,0.5,8.987,4.4935,,,,,,
Sysco - frais,41164,SURG,Saute porc s/v 60/80g st2.5kg env.x 2,KG,,4.398,0,,,,,,
Sysco - frais,41166,SURG,Roti porc echine 2/2.5kg env.x3,KG,,4.297,0,,,,,,
Sysco - frais,41197,SURG,Cuis.canard confit s/v 275/350g x2 x8,KG,,10,0,,,,,,
Sysco - frais,41301,FRAIS,Emmental rape 27%mg min. bke st1kg,KG,1.2,5.98,7.176,,,,,,
Sysco - frais,41483,SURG,Saute veau 60/80g fil st2.5kg,KG,,10.52,0,,,,,,
Sysco - frais,41536,SURG,Flt mign.porc fr 400/600g vpf st3pc x4,KG,,8.49,0,,,,,,
Sysco - frais,41614,SURG,Aiguil.poulet fr st2.5kg env.x4,KG,10.9,7.038,76.7142,,,,,,
Sysco - frais,41615,SURG,Saute poulet fr s/os s/p 30/60g st2.5kg,KG,,5.68,0,,,,,,
Sysco - frais,42223,SURG,Supreme poulet vf s/v 190/250g st4pc,KG,,6.538,0,,,,,,
Sysco - frais,42313,SEC,Tomate confite cbr bq1.5kg x6,KG,,7.582,0,,,,,,
Sysco - frais,42427,SURG,Saute dind.s/os s/p 60/90g env.st2.5kg,KG,,4.835,0,,,,,,
Sysco - frais,45636,SURG,Roti veau ep.bas car.s/v 2kg env.,KG,,8.791,0,,,,,,
Sysco - frais,45767,SURG,Saute agneau s/os 60/80g st2/2.5kg,KG,,16.48,0,,,,,,
Sysco - frais,46306,SURG,Cuis.poulet dej.220/240g st10pc x2,KG,,3.06,0,,,,,,
Sysco - frais,46439,SEC,Cuire et rotir 1l x6,Litres,,5.714,0,,,,,,
Sysco - frais,47301,FRAIS,Creme anglaise debic 2l x6,Litres,,2.309,0,,,,,,
Sysco - frais,47473,SURG,Gesier poulet confit pain/st2kg x3,KG,,4.989,0,,,,,,
Sysco - frais,47789,SURG,Jambonn.dinde confite 220/260g st6pc x4,KG,,6.429,0,,,,,,
Sysco - frais,47929,SURG,Cuis.pintade sciee 160/220g x20,KG,,6.978,0,,,,,,
Sysco - frais,48100,FRAIS,Merguez boy.coll.50g env.st20pc s/v x4,KG,,5.77,0,,,,,,
Sysco - frais,48101,FRAIS,Chipolata boy.coll.50g env.st20pc x4,KG,,4.89,0,,,,,,
Sysco - frais,48675,FRAIS,Tr.chorizo pp cular bko bq500g x10,KG,0.56,8.9,4.984,,,,,,
Sysco - frais,49143,SURG,Travers porc rotiss.vpf 1.5kg mdg x6,KG,,7.473,0,,,,,,
Sysco - frais,49693,SURG,Roti porc longe 2.5/3.5kg x2,KG,,4.764,0,,,,,,
Sysco - frais,49950,FRAIS,Tr.jambon ct sup dd torch.x16 bke bq720g,KG,,6.374,0,,,,,,
Sysco - frais,80001,FRAIS,Lait 1/2 ecreme uht 1l x6,Litres,7,0.625,4.375,,,,,,
Sysco - frais,80014,FRAIS,Beurre doux microp.10g bt100pc x6,KG,,7.143,0,,,,,,
Sysco - frais,80028,FRAIS,Camembert l/cru 20%mg min.240g x12,Pièce,,2.363,0,,,,,,
Sysco - frais,80032,FRAIS,Bleu auvergne 28%mg aop bke 2.6kg x4,KG,,6.484,0,,,,,,
Sysco - frais,80043,FRAIS,Buchette chevre 22%mg min. 180g,Pièce,,1.643,0,,,,,,
Sysco - frais,80085,FRAIS,Fromage blanc camp.7%mg min. se5kg,KG,,1.47,0,,,,,,
Sysco - frais,80115,FRAIS,Reblochon savoie 25%mg min. aop 450/550g,KG,,10.22,0,,,,,,
Sysco - frais,80125,FRAIS,Cantal entre 2 aop 1/16e mdg 2.4kg x4,KG,,8.264,0,,,,,,
Sysco - frais,80195,FRAIS,Mascarpone 42%mg granarolo 500g x6,KG,,5.725,0,,,,,,
Sysco - frais,80269,FRAIS,Beurre past.250g x40,KG,1.2,7.801,9.3612,,,,,,
Sysco - frais,80280,FRAIS,Emmental rape français,KG,,5.672,0,,,,,,
Sysco - frais,80296,FRAIS,Creme fraiche epaisse,Litres,0,3.352,0,,,,,,
Sysco - frais,80300,FRAIS,Comte bv 35%mg aop 1/12e 3.5kg x3,KG,2.975,12.365,36.785875,,,,,,
Sysco - frais,80333,FRAIS,Blanc oeuf liq. bo0.96l/1kg x6,Litres,,2.86,0,,,,,,
Sysco - frais,80520,FRAIS,Maroilles 26%mg aop 750g,Pièce,,7.335,0,,,,,,
Sysco - frais,80699,FRAIS,Des fourme ambert 28%mg aop bq500g x 6,KG,0.75,11.772,8.829,,,,,,
Sysco - frais,80703,FRAIS,Faisselle 6%mg ind.100g x24,Pièce,,0.313,0,,,,,,
Sysco - frais,80828,FRAIS,Jaune oeuf liq. bo0.96l x6,Boite,,4.615,0,,,,,,
Sysco - frais,80838,FRAIS,Ya frts(5%) a/mcx 125g nova x48,Pièce,,0.195,0,,,,,,
Sysco - frais,80947,FRAIS,Beurre 1/2 sel 250g x40,KG,,7.801,0,,,,,,
Sysco - frais,80979,FRAIS,Beurre 1/2 sel microp.10g bt100pc x6,KG,1.4,7.143,10.0002,,,,,,
Sysco - frais,81118,FRAIS,Creme s/press. uht debic 700ml x6,Pièce,6,6.354,38.124,,,,,,
Sysco - frais,81233,FRAIS,Vegetop uht debic 1l x6,Litres,,2.418,0,,,,,,
Sysco - frais,81235,FRAIS,Creme anglaise uht bke br1l x6,Litres,9,1.078,9.702,,,,,,
Sysco - frais,81244,FRAIS,Creme legere 18%mg uht bke 1l x6,Litres,8,2.38,19.04,,,,,,
Sysco - frais,81348,FRAIS,Prep.cr.brule debic bo1l x6,Litres,11,5.038,55.418,,,,,,
Sysco - frais,81645,FRAIS,Copeau grana padano 28%mg aop st500g x8,KG,1.3,12.88,16.744,,,,,,
Sysco - frais,81653,FRAIS,Creme 35%mg uht bke 1l x6,Litres,14,3.174,44.436,,,,,,
Sysco - frais,81675,FRAIS,Oeuf dur ecale alv. moyen 53/63g x45 x2,Pièce,,0.159,0,,,,,,
Sysco - frais,81708,FRAIS,Appareil tiramisu debic 1l x6,Litres,,4.44,0,,,,,,
Sysco - frais,81896,FRAIS,Ya sucre arom. vit.d 125g nova pk4pc x12,Pièce,,0.133,0,,,,,,
Sysco - frais,81913,FRAIS,Mozzarella bufflone 24%mg aop 125g x16,Pièce,,1.305,0,,,,,,
Sysco - frais,81984,FRAIS,Mozzarella burratina 18%mg 120g x6,Pièce,0,1.561,0,,,,,,
Sysco - frais,82221,FRAIS,Maxi buche pur chevre 24%mg 1kg,KG,,8.777,0,,,,,,
Sysco - frais,82506,FRAIS,Ya nat.sucre vit.d 125g nova pk4pc x12,Pièce,,0.12,0,,,,,,
Sysco - frais,82572,FRAIS,Ya a boire fraise 100g yop pk8pc x3,Pièce,0,0.252,0,,,,,,
Sysco - frais,82576,FRAIS,Œuf alv. plein air 53/63g bt 12pc x8,Pièce,,0.223,0,,,,,,
Sysco - frais,82635,FRAIS,Ossau iraty aop 1/4 pain 1.1kg env.x8,KG,0.362,13.097,4.741114,,,,,,
Sysco - frais,82653,FRAIS,Cream cheese e&v 1kg x4,KG,2.5,7.35,18.375,,,,,,
Sysco - frais,82654,FRAIS,App.crem.brule vanil.bourb. e&v pc1l x6,Litres,,5.038,0,,,,,,
Sysco - frais,82657,FRAIS,Grana padano aop 1kg env. x10,KG,1,10.769,10.769,,,,,,
Sysco - frais,82707,FRAIS,Fromage blanc nature 3%mg se1kg x6,KG,2,1.615,3.23,,,,,,
Sysco - frais,82871,FRAIS,Oeuf plein air alv. 53/63g bt30pc x2,Pièce,18,0.222,3.996,,,,,,
Sysco - frais,82914,FRAIS,Preparation pour tiramisu,Litres,6,5.22,31.32,,,,,,
Sysco - frais,82996,FRAIS,Préparation pour panna cotta 1l,Litres,3,4.98,14.94,,,,,,
Sysco - frais,,SEC,haricot rouge,boite,2,3.64,7.28,,,,,,
Sysco - frais,,SEC,Maïs,boite,2,2.87,5.74,,,,,,
Sysco - surgeles,4460,SURG,Fond tartelet sucree d10cm 45g 100pc,Pièce,138,0.316,43.608,,,,,,
Sysco - surgeles,4483,SURG,Wing poulet(aileron) texmex iqf ct5kg,KG,,4.998,0,,,,,,
Sysco - surgeles,5379,SURG,Tarte citron mering.27cm bko 1kg x2,Pièce,,5.066,0,,,,,,
Sysco - surgeles,5419,SURG,Pizza fromage bande 500g bko x10,Pièce,,2.356,0,,,,,,
Sysco - surgeles,5799,SURG,B01 pq.feuil. marg. b.o.2.5mm 625g 16pq,KG,,3.25,0,,,,,,
Sysco - surgeles,5994,SURG,Croq.mons.220g bke x18,Pièce,,0.725,0,,,,,,
Sysco - surgeles,6367,SURG,Gateau basque bko 1kg x4,Pièce,,3.582,0,,,,,,
Sysco - surgeles,6872,SURG,Tartelette tatin 130g bke x24,Pièce,,1.031,0,,,,,,
Sysco - surgeles,30029,SURG,Flt mign.porc 250/500g ct3/5kg,KG,,7.143,0,,,,,,
Sysco - surgeles,30659,SURG,Oss.buc.veau iqf 150/250g ct5kg,KG,,4.96,0,,,,,,
Sysco - surgeles,30714,SURG,Saute porc ep.vpf 60/80g ct5kg,KG,,5.055,0,,,,,,
Sysco - surgeles,33690,SURG,"Coquelet ""a"" pac 500/600g x10",KG,,4.099,0,,,,,,
Sysco - surgeles,34154,SURG,Magr.can.gras s/v 250/480g x12,KG,,13.501,0,,,,,,
Sysco - surgeles,35547,SURG,"Pt oignon blc bko st2,5kg x4",KG,,1.291,0,,,,,,
Sysco - surgeles,35722,SURG,Cuis.poulet dej. iqf 180/220g ct5kg,KG,,2.254,0,,,,,,
Sysco - surgeles,35749,SURG,Potato toast mc cain 2 kg           4 st,KG,72,1.89,136.08,,,,,,
Sysco - surgeles,36167,SURG,Cord.bleu dinde cuit iqf 125g ct5kg,KG,,3.791,0,,,,,,
Sysco - surgeles,36318,SURG,Flt dorade seb.iqf 100/140g ct5kg,KG,,7.67,0,,,,,,
Sysco - surgeles,36400,SURG,Tarte chocolat 26cm bke 900g x2,Pièce,,4.835,0,,,,,,
Sysco - surgeles,36413,SURG,Tarte poire bourdaloue 27cm bke 1.1kg x2,Pièce,,6.98,0,,,,,,
Sysco - surgeles,37690,SURG,Coulis framboise 500g x6,KG,,7.82,0,,,,,,
Sysco - surgeles,38471,SURG,Pq. feuil. beurre  bke   714g   16 pq,KG,,4.26,0,,,,,,
Sysco - surgeles,38766,SURG,Quiche lorraine bande 1kg bko x8,Pièce,,2.488,0,,,,,,
Sysco - surgeles,38879,SURG,Chute saumon fume atl.st1kg x5,KG,,6.538,0,,,,,,
Sysco - surgeles,38887,SURG,"Oignon emince bke st2,5kg x4",KG,,1.024,0,,,,,,
Sysco - surgeles,38892,SURG,"Chou-f 30/60 dav st2,5kg x4",KG,,1.064,0,,,,,,
Sysco - surgeles,38904,SURG,"Legume ratatouille st2,5kg x4",KG,,0.984,0,,,,,,
Sysco - surgeles,39116,SURG,Bille framboise bke st1kg x5,KG,2,7.033,14.066,,,,,,
Sysco - surgeles,39438,SURG,Cocktail frts rges st1kg x5,KG,,2.999,0,,,,,,
Sysco - surgeles,39552,SURG,Pave perene de campagne precuit 450g 9pc,Pièce,18,1.011,18.198,,,,,,
Sysco - surgeles,39610,SURG,Pomme rissolee dav st2.5kg x4,KG,,0.958,0,,,,,,
Sysco - surgeles,39619,SURG,Champignon emince st2.5kg x4,KG,,1.264,0,,,,,,
Sysco - surgeles,39622,SURG,Melange forest.bke st1kg x3,KG,,4.055,0,,,,,,
Sysco - surgeles,39664,SURG,Coulis frts exot.fl.soupl.500g x6,Pièce,,2.363,0,,,,,,
Sysco - surgeles,39665,SURG,Coulis xtra frts rges fl.soupl.t&m 500g,Pièce,,5,0,,,,,,
Sysco - surgeles,39894,SURG,Gaufre liege mccain 90g x24,Pièce,,0.584,0,,,,,,
Sysco - surgeles,41002,SURG,Supreme poulet s/v 160/220g st4pc,KG,,6.538,0,,,,,,
Sysco - surgeles,70214,SURG,Mcx echalote st1kg x5,KG,,2.186,0,,,,,,
Sysco - surgeles,70229,SURG,Saute veau ep.bas car.s/os 60/80g 5kg,KG,,7.363,0,,,,,,
Sysco - surgeles,71168,SURG,Ciboulette bke st250g x8,KG,,4.063,0,,,,,,
Sysco - surgeles,71232,SURG,Mini canele 16g x150,Pièce,,0.132,0,,,,,,
Sysco - surgeles,71440,SURG,Coulis extra de framboise 500g x6,Pièce,,2.8,0,,,,,,
Sysco - surgeles,71522,SURG,Des mangue 20x20mm st1kg x5,KG,,3.516,0,,,,,,
Sysco - surgeles,71597,SURG,"Pt pois xfin bke st2,5kg x2",KG,,1.624,0,,,,,,
Sysco - surgeles,71839,SURG,Lingotin bke 40g                 160pc,Pièce,,0.079,0,,,,,,
Sysco - surgeles,72334,SURG,Bun tran sesam (pain hamburger) 55g 48pc,Pièce,120,0.2,24,,,,,,
Sysco - surgeles,72528,SURG,Aile raie pelee ebarbee iqf min.450g 5kg,KG,,6.411,0,,,,,,
Sysco - surgeles,72632,SURG,Duo haricot vert & beurre bond 165g 20pc,KG,0,2.622,0,,,,,,
Sysco - surgeles,72885,SURG,Fish'nchips colin alsk qsa 115g bke 5kg,KG,2.38,6.813,16.21494,,,,,,
Sysco - surgeles,73012,SURG,Paupi.veau fic.iqf 160g ct5kg,KG,,5.318,0,,,,,,
Sysco - surgeles,73909,SURG,Brownie nx pecan 80g env.bke pq30pc x4,Pièce,,0.6,0,,,,,,
Sysco - surgeles,73910,SURG,Brownie aux noix de pécan 58g,Pièce,,0.3,0,,,,,,
Sysco - surgeles,74281,SURG,Petit pain farine rect.lr 55g x140,Pièce,,0.087,0,,,,,,
Sysco - surgeles,74292,SURG,Sot l'y laisse poulet iqf st1kg x5,KG,,5.659,0,,,,,,
Sysco - surgeles,74531,SURG,Puree fraise bq1kg x6,KG,,5.275,0,,,,,,
Sysco - surgeles,74532,SURG,Puree mangue cbr bq1kg x6,KG,1,6.165,6.165,,,,,,
Sysco - surgeles,75485,SURG,Melange fdm prec.bko st1kg x5,KG,,5.385,0,,,,,,
Sysco - surgeles,76497,SURG,Moule corde cuite bio 80-100 t&m 1kg x6,KG,,2.912,0,,,,,,
Sysco - surgeles,76574,SURG,Assortiment macaron 12g env. bt72pc x4,Boite,,20.016,0,,,,,,
Sysco - surgeles,76833,SURG,Home style fries,KG,17,1.163,19.771,,,,,,
Sysco - surgeles,76863,SURG,Flt daurade royale a/p 150/180g t&m x3kg,KG,,12.352,0,,,,,,
Sysco - surgeles,76864,SURG,Flt bar a/p qsa iqf 165g env.t&m ct3kg,KG,0,14.69,0,,,,,,
Sysco - surgeles,76871,SURG,Dos cabillaud a/p 180g env. t&m ct5kg,KG,,15.9,0,,,,,,
Sysco - surgeles,76936,SURG,Ail mcx t&m st250g x10,KG,,3.685,0,,,,,,
Sysco - surgeles,77646,SURG,Brioche perdue 85g dav x36,Pièce,,0.702277777777778,0,,,,,,
Sysco - surgeles,77925,SURG,Crumble nat. sucre st400g x8,sachet,,3.526375,0,,,,,,
Sysco - surgeles,79002,SURG,T&m double filet bar 150/180g 3kg,KG,,12.547,0,,,,,,
Sysco - surgeles,79521,SURG,Buns eclat graine 85g 11cm x30,Pièce,88,0.3362,29.5856,,,,,,
Sysco - surgeles,79614,SURG,Gaufre bruxelles iqf mc cain 80g x27,Pièce,22,0.389,8.558,,,,,,
Sysco - surgeles,,SURG,Haricot beurre,KG,17,2.48,42.16,,,,,,
Sysco - surgeles,,SURG,Haricot vert,KG,17,2.22,37.74,,,,,,
Vivalya,1010,Fruits - legumes,Salade de 5 fruits frais de saison en morceaux avec jus,bac,,2.75,0,,,,,,
Vivalya,1015,Fruits - legumes,Salade de fruits frais en morceaux avec jus,bac,,,0,,,,,,
Vivalya,1060,Fruits - legumes,Ananas,KG,,1.8,0,,,,,,
Vivalya,1070,Fruits - legumes,Avocat hass 20/22 affiné,Pièce,,1.15,0,,,,,,
Vivalya,1080,Fruits - legumes,Banane,KG,0,1.4,0,,,,,,
Vivalya,1090,Fruits - legumes,Citron jaune,KG,1.4,1.9,2.66,,,,,,
Vivalya,1110,Fruits - legumes,Citron jaune,KG,,,0,,,,,,
Vivalya,1120,Fruits - legumes,Citron vert,KG,,3.7,0,,,,,,
Vivalya,1130,Fruits - legumes,Citron vert,KG,1.85,3.85,7.1225,,,,,,
Vivalya,1151,Fruits - legumes,Mûre,bac,,0,0,,,,,,
Vivalya,1152,Fruits - legumes,Groseille,bac,,0,0,,,,,,
Vivalya,1160,Fruits - legumes,Fraise ronde,KG,0.5,9.6,4.8,,,,,,
Vivalya,1170,Fruits - legumes,Framboise,bac,,20,0,,,,,,
Vivalya,1180,Fruits - legumes,Kiwi,Pièce,11,0.22,2.42,,,,,,
Vivalya,1181,Fruits - legumes,Mangue ,bac,,2.2,0,,,,,,
Vivalya,1250,Fruits - legumes,Orange dégustation,KG,0.856,1.5,1.284,,,,,,
Vivalya,1290,Fruits - legumes,Poire,bac,,2.15,0,,,,,,
Vivalya,1330,Fruits - legumes,Pommes bi colores,bac,,1.6,0,,,,,,
Vivalya,1350,Fruits - legumes,Pommes,bac,,,0,,,,,,
Vivalya,1370,Fruits - legumes,Pommes,KG,1.584,1.8,2.8512,,,,,,
Vivalya,1405,Fruits - legumes,Champignon de paris pieds coupés,KG,,2.9,0,,,,,,
Vivalya,1420,Fruits - legumes,Pomme de terre four,KG,,0.95,0,,,,,,
Vivalya,1425,Fruits - legumes,Pomme de terre grenaille chair ferme,bac,,1.2,0,,,,,,
Vivalya,1430,Fruits - legumes,Pomme de terre fritable lavée,bac,,0.85,0,,,,,,
Vivalya,1440,Fruits - legumes,Endives,KG,,1.55,0,,,,,,
Vivalya,1450,Fruits - legumes,Ail blanc,KG,2.968,2.2,6.5296,,,,,,
Vivalya,1475,Fruits - legumes,Basilic,KG,,25,0,,,,,,
Vivalya,1490,Fruits - legumes,Ciboulette,KG,0.144,25,3.6,,,,,,
Vivalya,1500,Fruits - legumes,Coriandre ,KG,0.3,25,7.5,,,,,,
Vivalya,1515,Fruits - legumes,Echalotte,KG,,2.9,0,,,,,,
Vivalya,1530,Fruits - legumes,Menthe,botte,3,1.99,5.97,,,,,,
Vivalya,1535,Fruits - legumes,Menthe,bac,,14.9,0,,,,,,
Vivalya,1540,Fruits - legumes,Persil frisé,KG,0.33,3.65,1.2045,,,,,,
Vivalya,1550,Fruits - legumes,Persil plat,bac,,25,0,,,,,,
Vivalya,1560,Fruits - legumes,Thym,bac,,25,0,,,,,,
Vivalya,1570,Fruits - legumes,Aubergine demi longue,KG,,1.7,0,,,,,,
Vivalya,1580,Fruits - legumes,Betterave cuite entière 4ème gamme,KG,,1.4,0,,,,,,
Vivalya,1630,Fruits - legumes,Carotte de conservation orange lavée,KG,3.55,0.8,2.84,,,,,,
Vivalya,1640,Fruits - legumes,Carotte de conservation orange lavée,KG,,,0,,,,,,
Vivalya,1670,Fruits - legumes,Chou rouge,KG,,1.25,0,,,,,,
Vivalya,1680,Fruits - legumes,Concombre droit,Pièce,2,1.15,2.3,,,,,,
Vivalya,1700,Fruits - legumes,Courgette longue,KG,1.578,3.5,5.523,,,,,,
Vivalya,1710,Fruits - legumes,Courgette longue,KG,,,0,,,,,,
Vivalya,1760,Fruits - legumes,Oignon jaunes 60/80,KG,2.276,0.8,1.8208,,,,,,
Vivalya,1770,Fruits - legumes,Oignon rouges 60/80,KG,0.68,1.35,0.918,,,,,,
Vivalya,1800,Fruits - legumes,Poivron jaune,bac,,2.7,0,,,,,,
Vivalya,1810,Fruits - legumes,Poivron rouge,bac,,2.7,0,,,,,,
Vivalya,1820,Fruits - legumes,Poivron vert,bac,,2.7,0,,,,,,
Vivalya,1860,Fruits - legumes,Tomate cerise sans grappe,bac,,4.8,0,,,,,,
Vivalya,1880,Fruits - legumes,Tomate ronde,KG,1.591,2.95,4.69345,,,,,,
Vivalya,1930,Fruits - legumes,Laitue feuille de chêne blonde,bac,,0.9,0,,,,,,
Vivalya,1940,Fruits - legumes,Laitue feuille de chêne rouge,bac,,0.9,0,,,,,,
Vivalya,1950,Fruits - legumes,Laitue iceberg,Pièce,8,1.35,10.8,,,,,,
Vivalya,1970,Fruits - legumes,Salade sucrine,Pièce,30,1.3,39,,,,,,
Vivalya,2040,Fruits - legumes,"Mélange salade multifeuilles
4ème gamme",Sachet de 500g,4,2.75,11,,,,,,
Vivalya,2060,Fruits - legumes,"Mélange de jeunes pousses
4ème gamme",bac,,2.4,0,,,,,,
Vivalya,2080,Fruits - legumes,"Laitue iceberg chiffonade
4ème gamme",bac,,3.1,0,,,,,,
Vivalya,2090,Fruits - legumes,"Laitue batavia feuilles
 4ème gamme",bac,,4.35,0,,,,,,
Vivalya,2091,Fruits - legumes,Jeunes pousses d'épinard 4ème gamme,bac,,8.95,0,,,,,,
Vivalya,,Fruits - legumes,radis,KG,0.25,1.2,0.3,,,,,,
Vivalya,,Fruits - legumes,raisin,KG,0,2.5,0,,,,,,
Vivalya,,Fruits - legumes,tomate ancienne,KG,3.038,4.2,12.7596,,,,,,
Total,,,,,,,10029.630626,,,,,,
